size,procs,time_us,gflops,work_per_proc,efficiency
1000,1,156.0,12.8205,1000000,100.0
1414,2,150.0,26.6586,1000000,207.93728793728798
2000,4,150.0,53.3333,1000000,416.000156000156
2828,8,173.0,92.4576,1000000,721.1700011700012
