size,procs,time_us,gflops,work_per_proc,efficiency
1000,1,886.0,2.25734,1000000,100.0
1414,2,1439.0,2.77887,1000000,123.10374157193864
2000,4,783.0,10.2171,1000000,452.61679676078927
