size,procs,time_us,gflops,work_per_proc,efficiency
1000,1,444.0,4.5045,1000000,100.0
1414,2,493.0,8.11114,1000000,180.06748806748806
2000,4,486.0,16.4609,1000000,365.43234543234536
2828,8,581.0,27.5304,1000000,611.1754911754912
