size,procs,time_us,gflops,work_per_proc,efficiency
1000,1,142.0,14.0845,1000000,100.0
1414,2,159.0,25.1496,1000000,178.56224928112462
2000,4,241.0,33.195,1000000,235.6846178423089
2828,8,472.0,33.8881,1000000,240.60563030281514
